k,score,time
6,6.0,0.004714012146
5,7.0,0.00803208351135
4,8.0,0.0112030506134
3,12.0,0.0129470825195
1,18.0,0.0134761333466
